      时间,Open,High,Low,Close,Volume,成交额.上海成交额比例,成交额.深圳成交额比例,成交额.      ,成交额.      ,成交额.      ,SIMP_LEI.VAR1  ,SIMP_LEI.EE    ,E_OUTPUT,SIMP_LEI.F_OUTPUT,SIMP_LEI.G_OUTPUT,SIMP_LEI.      ,SIMP_LEI.      ,SIMP_LEI.      ,SIMP_LEI.      ,SIMP_LEI.      ,SIMP_LEI.      ,SIMP_LEI.      ,SIMP_LEI.C_30  ,SIMP_LEI.C_6869,试函数.沪深300红线率,试函数.      ,试函数.沪深300平均E,试函数.AVGE_INRANGE,试函数.过年线,试函数.是否过TOP,试函数.满足成交量,试函数.成交量,试函数.前高成交量,试函数.是否FINAL_COND,试函数.FLOW_TOP_TOP,试函数.BOTTOM_LINE,试函数.      ,试函数.      ,试函数.      ,试函数.      ,试函数.      ,试函数.      ,试函数.      ,试函数.      ,试函数.      ,试函数.      ,试函数.      ,试函数.      ,试函数.四大平均平均,试函数.      ,试函数.      ,试函数.      ,试函数.      ,试函数.      ,试函数.      ,试函数.      ,试函数.      ,FLOW_TOP_AE.沪深300红线率,FLOW_TOP_AE.沪深300平均E,FLOW_TOP_AE.AVGE_INRANGE,FLOW_TOP_AE.过年线,FLOW_TOP_AE.是否过TOP,FLOW_TOP_AE.满足成交量,FLOW_TOP_AE.成交量,FLOW_TOP_AE.前高成交量,FLOW_TOP_AE.是否FINAL_COND,FLOW_TOP_AE.FLOW_TOP_TOP,FLOW_TOP_AE.BOTTOM_LINE,FLOW_TOP_AE.      ,FLOW_TOP_AE.      ,FLOW_TOP_AE.      ,FLOW_TOP_AE.      ,FLOW_TOP_AE.      ,FLOW_TOP_AE.      ,FLOW_TOP_AE.      ,FLOW_TOP_AE.      ,FLOW_TOP_AE.      ,FLOW_TOP_AE.      ,FLOW_TOP_AE.      ,四大平均E.创业300平均E,四大平均E.中证500平均E,四大平均E.上证50平均E,四大平均E.沪深300平均E,四大平均E.四大平均平均,四大平均E.      ,四大平均E.      ,四大平均E.      ,四大平均E.      ,四大平均E.      ,四大平均E.      ,四大平均E.      ,四大平均E.      ,  VOL.VOLUME,  VOL.MAVOL1,  VOL.MAVOL2
 2004/01/02,997,1021.57,993.89,1011.35,8064652,73.53,26.47,60,40,50,36.92,           ,36.92,55.08,0,80,68.69,30,10,0,45,70,1015.18,993.76,2.22,0,41.05,           ,           ,0,           ,8064652,           ,           ,           ,40,0,0,0,0,0,0,0,0,0,0,0,68.69,           ,0,0,0,30,40,50,70,80,2.22,41.05,           ,           ,0,           ,8064652,           ,           ,           ,40,0,0,0,0,0,0,0,0,0,0,68.69,           ,47.39,11.48,41.05,           ,0,0,0,30,40,50,70,80,8064652,           ,           
 2004/01/05,1008.28,1060.9,1008.28,1060.8,14468180,71.1,28.9,60,40,50,0.15,100,18.54,62.43,-18.38,80,68.69,30,10,0,45,70,1045.43,993.58,2.22,0,37.99,           ,           ,0,           ,14468180,           ,           ,           ,40,0,0,0,0,0,1,1,0,0,0,0,68.69,           ,0,0,0,30,40,50,70,80,2.22,37.99,           ,           ,0,           ,14468180,           ,           ,           ,40,0,0,0,0,1,1,0,0,0,0,68.69,           ,45.47,8.71,37.99,           ,0,0,0,30,40,50,70,80,14468180,           ,           
 2004/01/06,1059.14,1086.69,1059.09,1075.66,16991334,72.15,27.85,60,40,50,11.89,100,15.21,65.97,-3.33,80,68.69,30,10,0,45,70,1048.22,976.41,2.96,0,36.9,           ,           ,0,           ,16991334,           ,           ,           ,40,0,0,0,0,0,0,0,0,0,0,0,68.69,           ,0,0,0,30,40,50,70,80,2.96,36.9,           ,           ,0,           ,16991334,           ,           ,           ,40,0,0,0,0,0,0,0,0,0,0,68.69,           ,44.87,7.62,36.9,           ,0,0,0,30,40,50,70,80,16991334,           ,           
 2004/01/07,1075.56,1095.84,1070.98,1086.3,13729419,70.52,29.48,60,40,50,9.36,100,12.28,69.3,-2.93,80,68.69,30,10,0,45,70,1050.18,971.29,2.22,0,35.2,           ,           ,0,           ,13729419,           ,           ,           ,40,0,0,0,0,0,0,0,0,0,0,0,68.69,           ,0,0,0,30,40,50,70,80,2.22,35.2,           ,           ,0,           ,13729419,           ,           ,           ,40,0,0,0,0,0,0,0,0,0,0,68.69,           ,43.57,6.86,35.2,           ,0,0,0,30,40,50,70,80,13729419,           ,           
 2004/01/08,1087.68,1108.29,1082.51,1102.66,10780427,69.91,30.09,60,40,50,4.92,100,8.6,72.86,-3.68,80,68.69,30,10,0,45,70,1053.7,965.18,0,0,31.48,           ,           ,0,           ,10780427,           ,           ,           ,40,0,0,0,0,0,0,0,0,0,0,0,68.69,           ,0,0,0,30,40,50,70,80,0,31.48,           ,           ,0,           ,10780427,           ,           ,           ,40,0,0,0,0,0,0,0,0,0,0,68.69,           ,40.23,5.97,31.48,           ,0,0,0,30,40,50,70,80,10780427,12806802,           
 2004/01/09,1105.77,1115.46,1079.07,1081.79,13467442,70.3,29.7,60,40,50,27.7,83.14,18.15,71.15,9.55,80,68.69,30,10,0,45,70,1052.97,958.9,0,0,34.25,           ,           ,0,           ,13467442,           ,           ,           ,40,0,0,0,0,0,0,0,0,0,0,0,68.69,           ,0,0,0,30,40,50,70,80,0,34.25,           ,           ,0,           ,13467442,           ,           ,           ,40,0,0,0,0,0,0,0,0,0,0,68.69,           ,41.86,8.33,34.25,           ,0,0,0,30,40,50,70,80,13467442,13887360,           
 2004/01/12,1081.81,1117.51,1079.77,1116.8,10233943,71.46,28.54,60,40,50,0.57,90.23,9.36,75.2,-8.79,80,68.69,30,10,0,45,70,1065.78,970.12,0,0,32.63,           ,           ,0,           ,10233943,           ,           ,           ,40,0,0,0,0,0,0,0,0,0,0,0,68.69,           ,0,0,0,30,40,50,70,80,0,32.63,           ,           ,0,           ,10233943,           ,           ,           ,40,0,0,0,0,0,0,0,0,0,0,68.69,           ,39.68,7.3,32.63,           ,0,0,0,30,40,50,70,80,10233943,13040513,           
 2004/01/13,1120.15,1123.66,1089.63,1102.34,9837189,70.72,29.28,60,40,50,16.43,87.52,12.9,75.28,3.54,80,68.69,30,10,0,45,70,1057.94,957.53,0,0,31.03,           ,           ,0,           ,9837189,           ,           ,           ,40,0,0,0,0,0,0,0,0,0,0,0,68.69,           ,0,0,0,30,40,50,70,80,0,31.03,           ,           ,0,           ,9837189,           ,           ,           ,40,0,0,0,0,0,0,0,0,0,0,68.69,           ,37.07,7.43,31.03,           ,0,0,0,30,40,50,70,80,9837189,11609684,           
 2004/01/14,1101.44,1101.67,1076.87,1079.72,7120499,68.79,31.21,60,40,50,33.86,67.67,23.38,71.85,10.48,80,68.69,30,10,0,45,70,1062.54,962.12,0.75,0,32.07,           ,           ,0,           ,7120499,           ,           ,           ,40,0,0,0,0,0,0,0,0,0,0,0,68.69,           ,0,0,0,30,40,50,70,80,0.75,32.07,           ,           ,0,           ,7120499,           ,           ,           ,40,0,0,0,0,0,0,0,0,0,0,68.69,           ,37.17,8.92,32.07,           ,0,0,0,30,40,50,70,80,7120499,10287900,           
 2004/01/15,1078.53,1088.67,1070.73,1073.98,6179207,66.87,33.13,60,40,50,38.28,44.59,30.83,67.27,7.45,80,68.69,30,10,0,45,70,1076.14,975.72,0.76,0,33.47,           ,           ,0,           ,6179207,           ,           ,           ,40,0,0,0,0,0,0,0,0,0,0,0,68.69,           ,0,0,0,30,40,50,70,80,0.76,33.47,           ,           ,0,           ,6179207,           ,           ,           ,40,0,0,0,0,0,0,0,0,0,0,68.69,           ,37.96,10.22,33.47,           ,0,0,0,30,40,50,70,80,6179207,9367656,11087229
 2004/01/16,1076.64,1087.82,1067.85,1083.65,7174167,66.15,33.85,60,40,50,30.83,33.04,30.83,59.82,0,80,68.69,30,10,0,45,70,1085.81,985.39,0.74,0,31.62,           ,           ,0,           ,7174167,           ,           ,           ,40,0,0,0,0,0,0,0,0,0,0,0,68.69,           ,0,0,0,30,40,50,70,80,0.74,31.62,           ,           ,0,           ,7174167,           ,           ,           ,40,0,0,0,0,0,0,0,0,0,0,68.69,           ,35.22,10.08,31.62,           ,0,0,0,30,40,50,70,80,7174167,8109001,10998181
 2004/01/29,1086.66,1101.03,1084.45,1100.6,5791230,64.74,35.26,60,40,50,17.77,38.8,24.3,57.99,-6.53,80,68.69,30,10,0,45,70,1085.81,985.39,0,0,26.29,           ,           ,0,           ,5791230,           ,           ,           ,40,0,0,0,0,0,0,0,0,0,0,0,68.69,           ,0,0,0,30,40,50,70,80,0,26.29,           ,           ,0,           ,5791230,           ,           ,           ,40,0,0,0,0,0,0,0,0,0,0,68.69,           ,29.32,8.31,26.29,           ,0,0,0,30,40,50,70,80,5791230,7220458.5,10130486
 2004/01/30,1102.17,1103.7,1066.44,1067.55,7761118,58.42,41.58,60,40,50,43.24,24.96,33.77,45.18,9.47,80,68.69,30,10,0,45,70,1077.33,976.92,0,0,28.93,           ,           ,0,           ,7761118,           ,           ,           ,40,0,0,0,0,0,0,0,0,0,0,0,68.69,           ,0,0,0,30,40,50,70,80,0,28.93,           ,           ,0,           ,7761118,           ,           ,           ,40,0,0,0,0,0,0,0,0,0,0,68.69,           ,30.09,10.4,28.93,           ,0,0,0,30,40,50,70,80,7761118,6805244,9207464
 2004/02/02,1107.49,1116.31,1069.97,1091.73,15432922,65.75,34.25,60,40,50,24.61,26.13,29.19,43.39,-4.58,80,68.69,30,10,0,45,70,1089.62,989.21,0,0,25.78,           ,           ,0,           ,15432922,           ,           ,           ,40,0,0,0,0,0,0,0,0,0,0,0,68.69,           ,0,0,0,30,40,50,70,80,0,25.78,           ,           ,0,           ,15432922,           ,           ,           ,40,0,0,0,0,0,0,0,0,0,0,68.69,           ,27.22,10.18,25.78,           ,0,0,0,30,40,50,70,80,15432922,8467729,9377814
 2004/02/03,1091.86,1103.24,1084.39,1102.95,8411107,64.62,35.38,60,40,50,15.96,38.4,22.57,45.87,-6.62,80,68.69,30,10,0,45,70,1083.68,983.26,0,0,22.29,           ,           ,0,           ,8411107,           ,           ,           ,40,0,0,0,0,0,0,0,0,0,0,0,68.69,           ,0,0,0,30,40,50,70,80,0,22.29,           ,           ,0,           ,8411107,           ,           ,           ,40,0,0,0,0,0,0,0,0,0,0,68.69,           ,23.6,9.13,22.29,           ,0,0,0,30,40,50,70,80,8411107,8914109,9140882
 2004/02/04,1104.74,1130.14,1104.74,1128.44,10534990,64.11,35.89,60,40,50,1.25,63.36,11.91,54.56,-10.66,80,68.69,30,10,0,45,70,1079.14,973.71,0,0,17.75,           ,           ,0,           ,10534990,           ,           ,           ,40,0,0,0,0,0,0,0,0,0,0,0,68.69,           ,0,0,0,30,40,50,70,80,0,17.75,           ,           ,0,           ,10534990,           ,           ,           ,40,0,0,0,0,0,0,0,0,0,0,68.69,           ,19.02,7.82,17.75,           ,0,0,0,30,40,50,70,80,10534990,9586273,8847637
 2004/02/05,1135.62,1136.42,1118.17,1127.9,9774314,63.85,36.15,60,40,50,5.98,81.08,8.94,59.61,-2.97,80,68.69,30,10,0,45,70,1067.88,957.59,0,0,16.02,           ,           ,0,           ,9774314,           ,           ,           ,40,0,0,0,0,0,0,0,0,0,0,0,68.69,           ,0,0,0,30,40,50,70,80,0,16.02,           ,           ,0,           ,9774314,           ,           ,           ,40,0,0,0,0,0,0,0,0,0,0,68.69,           ,16.35,8.04,16.02,           ,0,0,0,30,40,50,70,80,9774314,10382890,8801674
 2004/02/06,1125.49,1139.09,1108.91,1122.08,11140337,63.09,36.91,60,40,50,11.71,87.48,10.33,61.41,1.39,80,68.69,30,10,0,45,70,1064.95,952.6,0,0,18.31,           ,           ,0,           ,11140337,           ,           ,           ,40,0,0,0,0,0,0,0,0,0,0,0,68.69,           ,0,0,0,30,40,50,70,80,0,18.31,           ,           ,0,           ,11140337,           ,           ,           ,40,0,0,0,0,0,0,0,0,0,0,68.69,           ,19.37,9.02,18.31,           ,0,0,0,30,40,50,70,80,11140337,11058734,8931989
 2004/02/09,1122.29,1134.91,1122.28,1134.61,8598305,62.19,37.81,60,40,50,3.09,93.74,6.71,66.29,-3.62,80,68.69,30,10,0,45,70,1066.97,954.61,0,0,16.71,           ,           ,0,           ,8598305,           ,           ,           ,40,0,0,0,0,0,0,0,0,0,0,0,68.69,           ,0,0,0,30,40,50,70,80,0,16.71,           ,           ,0,           ,8598305,           ,           ,           ,40,0,0,0,0,0,0,0,0,0,0,68.69,           ,16.94,8.46,16.71,           ,0,0,0,30,40,50,70,80,8598305,9691811,9079770
 2004/02/10,1137.72,1141.99,1116.93,1120.96,8662780,58.37,41.63,60,40,50,14.2,90.68,10.45,65.87,3.74,80,68.69,30,10,0,45,70,1063.07,948.47,0,0,17.16,           ,           ,0,           ,8662780,           ,           ,           ,40,0,0,0,0,0,0,0,0,0,0,0,68.69,           ,0,0,0,30,40,50,70,80,0,17.16,           ,           ,0,           ,8662780,           ,           ,           ,40,0,0,0,0,0,0,0,0,0,0,68.69,           ,16.87,9.3,17.16,           ,0,0,0,30,40,50,70,80,8662780,9742145,9328127
 2004/02/11,1121.81,1123.77,1100.24,1110.06,9246320,62.16,37.84,60,40,50,21.56,79.95,16.01,62.64,5.56,80,68.69,30,10,0,45,70,1068.61,954.01,0,0,18.6,           ,           ,0,           ,9246320,           ,           ,           ,40,0,0,0,0,0,0,0,0,0,0,0,68.69,           ,0,0,0,30,40,50,70,80,0,18.6,           ,           ,0,           ,9246320,           ,           ,           ,40,0,0,0,0,0,0,0,0,0,0,68.69,           ,17.66,10.44,18.6,           ,0,0,0,30,40,50,70,80,9246320,9484411,9535342
 2004/02/12,1110.83,1122.48,1092.29,1094.11,9581597,62.61,37.39,60,40,50,32.33,61.08,24.17,55.22,8.16,80,68.69,30,10,0,45,70,1076.84,962.24,0,0,19.87,           ,           ,0,           ,9581597,           ,           ,           ,40,0,0,0,0,0,0,0,0,0,0,0,68.69,           ,0,0,0,30,40,50,70,80,0,19.87,           ,           ,0,           ,9581597,           ,           ,           ,40,0,0,0,0,0,0,0,0,0,0,68.69,           ,18.64,11.99,19.87,           ,0,0,0,30,40,50,70,80,9581597,9445868,9914379
 2004/02/13,1094,1105.82,1088.86,1096.36,6904821,61.79,38.21,60,40,50,30.81,46.15,27.49,46.73,3.32,80,68.69,30,10,0,45,70,1088.93,974.33,0.74,0,22.29,           ,           ,0,           ,6904821,           ,           ,           ,40,0,0,0,0,0,0,0,0,0,0,0,68.69,           ,0,0,0,30,40,50,70,80,0.74,22.29,           ,           ,0,           ,6904821,           ,           ,           ,40,0,0,0,0,0,0,0,0,0,0,68.69,           ,21.81,13.12,22.29,           ,0,0,0,30,40,50,70,80,6904821,8598765,9828749
 2004/02/16,1098.86,1124.35,1098.86,1123.75,7623410,64.3,35.7,60,40,50,12.32,51.24,19.9,48.92,-7.59,80,68.69,30,10,0,45,70,1093.84,979.24,0,0,19.17,           ,           ,0,           ,7623410,           ,           ,           ,40,0,0,0,0,0,0,0,0,0,0,0,68.69,           ,0,0,0,30,40,50,70,80,0,19.17,           ,           ,0,           ,7623410,           ,           ,           ,40,0,0,0,0,0,0,0,0,0,0,68.69,           ,19.79,11.59,19.17,           ,0,0,0,30,40,50,70,80,7623410,8403786,9047798
 2004/02/17,1127.1,1132.71,1121.28,1123.62,8815897,65.05,34.95,60,40,50,12.4,60,16.15,50.62,-3.75,80,68.69,30,10,0,45,70,1082.6,968,0,0,17.01,           ,           ,0,           ,8815897,           ,           ,           ,40,0,0,0,0,0,0,0,0,0,0,0,68.69,           ,0,0,0,30,40,50,70,80,0,17.01,           ,           ,0,           ,8815897,           ,           ,           ,40,0,0,0,0,0,0,0,0,0,0,68.69,           ,17.89,10.84,17.01,           ,0,0,0,30,40,50,70,80,8815897,8434409,9088277
 2004/02/18,1123.7,1136.53,1119.63,1129.28,8093711,61.85,38.15,60,40,50,8.58,70.63,12.37,54.11,-3.78,80,68.69,30,10,0,45,70,1077.05,962.45,0,0,15.72,           ,           ,0,           ,8093711,           ,           ,           ,40,0,0,0,0,0,0,0,0,0,0,0,68.69,           ,0,0,0,30,40,50,70,80,0,15.72,           ,           ,0,           ,8093711,           ,           ,           ,40,0,0,0,0,0,0,0,0,0,0,68.69,           ,16.85,10.24,15.72,           ,0,0,0,30,40,50,70,80,8093711,8203887,8844149
 2004/02/19,1130.4,1138.08,1119.67,1122.38,7130805,62.45,37.55,60,40,50,13.24,75.24,12.8,54.31,0.43,80,68.69,30,10,0,45,70,1071.45,956.85,0,0,15.75,           ,           ,0,           ,7130805,           ,           ,           ,40,0,0,0,0,0,0,0,0,0,0,0,68.69,           ,0,0,0,30,40,50,70,80,0,15.75,           ,           ,0,           ,7130805,           ,           ,           ,40,0,0,0,0,0,0,0,0,0,0,68.69,           ,16.57,10.58,15.75,           ,0,0,0,30,40,50,70,80,7130805,7713729,8579798
 2004/02/20,1122.93,1125.37,1112.94,1124.66,5988759,60,40,60,40,50,11.7,78.45,12.25,55.32,-0.55,80,68.69,30,10,0,45,70,1072.09,957.49,0,0,16.07,           ,           ,0,           ,5988759,           ,           ,           ,40,0,0,0,0,0,0,0,0,0,0,0,68.69,           ,0,0,0,30,40,50,70,80,0,16.07,           ,           ,0,           ,5988759,           ,           ,           ,40,0,0,0,0,0,0,0,0,0,0,68.69,           ,16.06,10.83,16.07,           ,0,0,0,30,40,50,70,80,5988759,7530516.5,8064640.5
 2004/02/23,1126.23,1129.52,1092.01,1093.14,8802509,61.34,38.66,60,40,50,32.98,62.89,22.62,44.4,10.37,80,68.69,30,10,0,45,70,1071.27,956.67,0,0,22.39,           ,           ,0,           ,8802509,           ,           ,           ,40,0,0,0,0,0,0,0,0,0,0,0,68.69,           ,0,0,0,30,40,50,70,80,0,22.39,           ,           ,0,           ,8802509,           ,           ,           ,40,0,0,0,0,0,0,0,0,0,0,68.69,           ,21.44,13.55,22.39,           ,0,0,0,30,40,50,70,80,8802509,7766336,8085061
 2004/02/24,1090.25,1095.94,1072.33,1093.1,8449382,63.11,36.89,60,40,50,33.01,46.51,27.82,40.24,5.2,80,68.69,30,10,0,45,70,1086.63,972.03,0,0,26.58,           ,           ,0,           ,8449382,           ,           ,           ,40,0,0,0,0,0,0,0,0,0,0,0,68.69,           ,0,0,0,30,40,50,70,80,0,26.58,           ,           ,0,           ,8449382,           ,           ,           ,40,0,0,0,0,0,0,0,0,0,0,68.69,           ,25.71,15.1,26.58,           ,0,0,0,30,40,50,70,80,8449382,7693033,8063721
 2004/02/25,1094.43,1104.35,1067.13,1070.36,8064055,62.71,37.29,60,40,50,48.37,23.25,38.09,31.5,10.27,80,68.69,30,10,0,45,70,1094.33,979.73,0.74,0,33.69,           ,           ,0,           ,8064055,           ,           ,           ,40,0,0,0,0,0,0,0,0,0,0,0,68.69,           ,0,0,0,30,40,50,70,80,0.74,33.69,           ,           ,0,           ,8064055,           ,           ,           ,40,0,0,0,0,0,0,0,0,0,0,68.69,           ,33.15,17.92,33.69,           ,0,0,0,30,40,50,70,80,8064055,7687102,7945494.5
 2004/02/26,1068.13,1080.23,1061.2,1079.9,8100890,61.48,38.52,60,40,50,41.92,11.63,40.01,28.46,1.92,80,68.69,30,10,0,45,70,1109.54,994.94,0,0,37.43,           ,           ,0,           ,8100890,           ,           ,           ,40,0,0,0,0,0,0,0,0,0,0,0,68.69,           ,0,0,0,30,40,50,70,80,0,37.43,           ,           ,0,           ,8100890,           ,           ,           ,40,0,0,0,0,0,0,0,0,0,0,68.69,           ,38.12,18.39,37.43,           ,0,0,0,30,40,50,70,80,8100890,7881119,7797424
 2004/02/27,1081.71,1090.89,1079.93,1088.72,7293069,62.06,37.94,60,40,50,35.97,8.85,37.99,28.33,-2.02,80,68.69,30,10,0,45,70,1112.38,997.79,0,0,36.45,           ,           ,0,           ,7293069,           ,           ,           ,40,0,0,0,0,0,0,0,0,0,0,0,68.69,           ,0,0,0,30,40,50,70,80,0,36.45,           ,           ,0,           ,7293069,           ,           ,           ,40,0,0,0,0,0,0,0,0,0,0,68.69,           ,37.76,17.99,36.45,           ,0,0,0,30,40,50,70,80,7293069,8141981,7836248.5
 2004/03/01,1089.65,1095.23,1076.08,1094.24,6441715,60.13,39.87,60,40,50,32.24,11.78,35.11,29.66,-2.88,80,68.69,30,10,0,45,70,1109.39,994.79,0.74,0,33.84,           ,           ,0,           ,6441715,           ,           ,           ,40,0,0,0,0,0,0,0,0,0,0,0,68.69,           ,0,0,0,30,40,50,70,80,0.74,33.84,           ,           ,0,           ,6441715,           ,           ,           ,40,0,0,0,0,0,0,0,0,0,0,68.69,           ,35.29,17.58,33.84,           ,0,0,0,30,40,50,70,80,6441715,7669822,7718079
 2004/03/02,1096.1,1099.71,1086.72,1093.39,5577318,60.23,39.77,60,40,50,32.82,14.96,33.97,30.5,-1.14,80,68.69,30,10,0,45,70,1105.13,990.53,0,0,33.94,           ,           ,0,           ,5577318,           ,           ,           ,40,0,0,0,0,0,0,0,0,0,0,0,68.69,           ,0,0,0,30,40,50,70,80,0,33.94,           ,           ,0,           ,5577318,           ,           ,           ,40,0,0,0,0,0,0,0,0,0,0,68.69,           ,34.63,17.5,33.94,           ,0,0,0,30,40,50,70,80,5577318,7095409.5,7394221.5
 2004/03/03,1093.36,1093.74,1067.94,1072.64,5214819,62.43,37.57,60,40,50,46.83,7.48,40.4,26.15,6.43,80,68.69,30,10,0,45,70,1103.44,988.84,0.73,0,37.65,           ,           ,0,           ,5214819,           ,           ,           ,40,0,0,0,0,0,0,0,0,0,0,0,68.69,           ,0,0,0,30,40,50,70,80,0.73,37.65,           ,           ,0,           ,5214819,           ,           ,           ,40,0,0,0,0,0,0,0,0,0,0,68.69,           ,38.36,19.18,37.65,           ,0,0,0,30,40,50,70,80,5214819,6525562,7106332
 2004/03/04,1070.9,1079.27,1061.89,1078.35,4810433,61.55,38.45,60,40,50,47.6,3.74,44,24.34,3.6,80,68.69,30,10,0,45,70,1115.78,1012.32,1.47,0,38.53,           ,           ,0,           ,4810433,           ,           ,           ,40,0,0,0,0,0,0,0,0,0,0,0,68.69,           ,0,0,0,30,40,50,70,80,1.47,38.53,           ,           ,0,           ,4810433,           ,           ,           ,40,0,0,0,0,0,0,0,0,0,0,68.69,           ,38.62,19.92,38.53,           ,0,0,0,30,40,50,70,80,4810433,5867471,6874295
 2004/03/05,1080.34,1083.14,1070.3,1071.58,3365027,60.04,39.96,60,40,50,84.93,1.87,64.46,22.68,20.46,80,68.69,30,10,0,45,70,1128.73,1064.58,3.65,0,40.68,           ,           ,0,           ,3365027,           ,           ,           ,40,0,0,0,0,0,0,0,1,1,0,0,68.69,           ,0,0,0,30,40,50,70,80,3.65,40.68,           ,           ,0,           ,3365027,           ,           ,           ,40,0,0,0,0,0,0,1,1,0,0,68.69,           ,40.84,21.86,40.68,           ,0,0,0,30,40,50,70,80,3365027,5081862.5,6611921.5
 2004/03/08,1070.11,1075.75,1056.04,1057.1,4599849,61.36,38.64,60,40,50,98.77,0.93,81.62,16.99,17.16,80,68.69,30,10,0,45,70,1145.82,1079.32,5.88,0,46.53,           ,           ,0,           ,4599849,           ,           ,           ,40,0,0,0,0,0,0,0,0,0,0,0,68.69,           ,0,0,0,30,40,50,70,80,5.88,46.53,           ,           ,0,           ,4599849,           ,           ,           ,40,0,0,0,0,0,0,0,0,0,0,68.69,           ,46.64,24.29,46.53,           ,0,0,0,30,40,50,70,80,4599849,4713489,6191655.5
 2004/03/09,1057.36,1075.22,1056.88,1061.16,6918021,64.22,35.78,60,40,50,94.04,0.47,87.83,14.33,6.21,80,68.69,30,10,0,45,70,1160.57,1094.06,5.93,0,51.19,           ,           ,0,           ,6918021,           ,           ,           ,40,0,0,0,0,0,0,0,0,0,0,0,68.69,           ,0,0,0,30,40,50,70,80,5.93,51.19,           ,           ,0,           ,6918021,           ,           ,           ,40,0,0,0,0,0,0,0,0,0,0,68.69,           ,51.9,25.41,51.19,           ,0,0,0,30,40,50,70,80,6918021,4981630,6038519.5
 2004/03/10,1062.98,1091.35,1062.98,1091.1,6113973,65.21,34.79,60,40,50,59.21,9.05,73.52,25.92,-14.31,80,68.69,30,10,0,45,70,1165.91,1099.4,0.73,0,48.14,           ,           ,0,           ,6113973,           ,           ,           ,40,0,0,0,0,0,0,0,0,0,0,0,68.69,           ,0,0,0,30,40,50,70,80,0.73,48.14,           ,           ,0,           ,6113973,           ,           ,           ,40,0,0,0,0,0,0,0,0,0,0,68.69,           ,50.11,23.55,48.14,           ,0,0,0,30,40,50,70,80,6113973,5161460.5,5843511.5
 2004/03/11,1092.74,1102.22,1086.55,1095.56,5761791,60.29,39.71,60,40,50,54.02,19.36,63.77,36.25,-9.75,80,68.69,30,10,0,45,70,1153.61,1087.1,0,0,44.64,           ,           ,0,           ,5761791,           ,           ,           ,40,0,0,0,0,0,0,0,0,0,0,0,68.69,           ,0,0,0,30,40,50,70,80,0,44.64,           ,           ,0,           ,5761791,           ,           ,           ,40,0,0,0,0,0,0,0,0,0,0,68.69,           ,47.03,21.85,44.64,           ,0,0,0,30,40,50,70,80,5761791,5351732,5609601.5
 2004/03/12,1096.35,1102.13,1088.44,1099.08,5236097,62.83,37.17,60,40,50,49.92,28.77,56.85,46.04,-6.92,80,68.69,30,10,0,45,70,1145.23,1078.72,0,0,42.63,           ,           ,0,           ,5236097,           ,           ,           ,40,0,0,0,0,0,0,0,0,0,0,0,68.69,           ,0,0,0,30,40,50,70,80,0,42.63,           ,           ,0,           ,5236097,           ,           ,           ,40,0,0,0,0,0,0,0,0,0,0,68.69,           ,46.55,20.53,42.63,           ,0,0,0,30,40,50,70,80,5236097,5725946,5403904.5
 2004/03/15,1100.4,1134.28,1100.15,1131.68,10252069,63.4,36.6,60,40,50,12,47.31,34.42,54.57,-22.43,80,68.69,30,10,0,45,70,1139.28,1072.77,0,0,39.11,           ,           ,0,           ,10252069,           ,           ,           ,40,0,0,0,0,0,1,1,0,0,0,0,68.69,           ,0,0,0,30,40,50,70,80,0,39.11,           ,           ,0,           ,10252069,           ,           ,           ,40,0,0,0,0,1,1,0,0,0,0,68.69,           ,42.66,16.93,39.11,           ,0,0,0,30,40,50,70,80,10252069,6856390,5784939.5
 2004/03/16,1136.27,1139.49,1127.85,1135.57,7329359,63.53,36.47,60,40,50,7.47,64.88,20.95,61.12,-13.47,80,68.69,30,10,0,45,70,1120,1053.5,0,0,36.52,           ,           ,0,           ,7329359,           ,           ,           ,40,0,0,0,0,0,0,0,0,0,0,0,68.69,           ,0,0,0,30,40,50,70,80,0,36.52,           ,           ,0,           ,7329359,           ,           ,           ,40,0,0,0,0,0,0,0,0,0,0,68.69,           ,39.78,15.48,36.52,           ,0,0,0,30,40,50,70,80,7329359,6938658,5960144
 2004/03/17,1136.45,1139.28,1124.6,1135.17,5489802,60.37,39.63,60,40,50,7.93,77.67,14.44,66.26,-6.51,80,68.69,30,10,0,45,70,1108.43,1041.92,0,0,35.7,           ,           ,0,           ,5489802,           ,           ,           ,40,0,0,0,0,0,0,0,0,0,0,0,68.69,           ,0,0,0,30,40,50,70,80,0,35.7,           ,           ,0,           ,5489802,           ,           ,           ,40,0,0,0,0,0,0,0,0,0,0,68.69,           ,38.48,14.73,35.7,           ,0,0,0,30,40,50,70,80,5489802,6813823.5,5987642
 2004/03/18,1134.93,1141.81,1110.32,1111.85,6869805,61.21,38.79,60,40,50,35.07,77.72,24.75,64.42,10.31,80,68.69,30,10,0,45,70,1102.83,1036.32,0,0,32.41,           ,           ,0,           ,6869805,           ,           ,           ,40,0,0,0,0,0,0,0,0,0,0,0,68.69,           ,0,0,0,30,40,50,70,80,0,32.41,           ,           ,0,           ,6869805,           ,           ,           ,40,0,0,0,0,0,0,0,0,0,0,68.69,           ,38.44,           ,32.41,           ,0,0,0,30,40,50,70,80,6869805,7035426.5,6193579.5
 2004/03/19,1110.44,1130.26,1107.1,1129.78,5885994,61.02,38.98,60,40,50,14.21,80.99,19.48,67.1,-5.27,80,68.69,30,10,0,45,70,1111.69,1045.18,0,0,37.72,           ,           ,0,           ,5885994,           ,           ,           ,40,0,0,0,0,0,0,0,0,0,0,0,68.69,           ,0,0,0,30,40,50,70,80,0,37.72,           ,           ,0,           ,5885994,           ,           ,           ,40,0,0,0,0,0,0,0,0,0,0,68.69,           ,39.74,13.42,37.72,           ,0,0,0,30,40,50,70,80,5885994,7165406,6445676
 2004/03/22,1130.87,1141.81,1126.19,1134.79,5093686,59.51,40.49,60,40,50,8.38,86.04,13.93,70.3,-5.55,80,68.69,30,10,0,45,70,1107.16,1040.66,0,0,37.96,           ,           ,0,           ,5093686,           ,           ,           ,40,0,0,0,0,0,0,0,0,0,0,0,68.69,           ,0,0,0,30,40,50,70,80,0,37.96,           ,           ,0,           ,5093686,           ,           ,           ,40,0,0,0,0,0,0,0,0,0,0,68.69,           ,39.1,14.69,37.96,           ,0,0,0,30,40,50,70,80,5093686,6133729,6495059.5
 2004/03/23,1133.99,1134.13,1115.67,1121.33,5587535,63,37,60,40,50,24.04,85.46,18.98,67.23,5.05,80,68.69,30,10,0,45,70,1102.39,1035.88,0,0,39.79,           ,           ,0,           ,5587535,           ,           ,           ,40,0,0,0,0,0,0,0,0,0,0,0,68.69,           ,0,0,0,30,40,50,70,80,0,39.79,           ,           ,0,           ,5587535,           ,           ,           ,40,0,0,0,0,0,0,0,0,0,0,68.69,           ,40.02,15.76,39.79,           ,0,0,0,30,40,50,70,80,5587535,5785364.5,6362011